-- Create the schema

CREATE TABLE `LDAP`.`parties`(
	`id` INT NOT NULL AUTO_INCREMENT,
	`name` TEXT CHARACTER
	SET utf8mb4 COLLATE utf8mb4_general_ci NOT NULL,
	`party_type` TEXT CHARACTER
	SET utf8mb4 COLLATE utf8mb4_general_ci NOT NULL,
	`created_at` TIMESTAMP NOT NULL DEFAULT CURRENT_TIMESTAMP,
	`updated_at` TIMESTAMP ON UPDATE CURRENT_TIMESTAMP NOT NULL DEFAULT CURRENT_TIMESTAMP,
	PRIMARY KEY (`id`)) ENGINE = InnoDB;
CREATE TABLE `LDAP`.`resources`(
	`id` INT NOT NULL AUTO_INCREMENT,
	`name` TEXT CHARACTER
	SET utf8mb4 COLLATE utf8mb4_general_ci NOT NULL,
	`type` TEXT CHARACTER
	SET utf8mb4 COLLATE utf8mb4_general_ci NOT NULL,
	`created_at` TIMESTAMP NOT NULL DEFAULT CURRENT_TIMESTAMP,
	`updated_at` TIMESTAMP ON UPDATE CURRENT_TIMESTAMP NOT NULL DEFAULT CURRENT_TIMESTAMP,
	PRIMARY KEY (`id`)) ENGINE = InnoDB;
CREATE TABLE `LDAP`.`profiles`(
	`id` INT NOT NULL AUTO_INCREMENT,
	`name` TEXT CHARACTER
	SET utf8mb4 COLLATE utf8mb4_general_ci NOT NULL,
	`created_at` TIMESTAMP NOT NULL DEFAULT CURRENT_TIMESTAMP,
	`updated_at` TIMESTAMP ON UPDATE CURRENT_TIMESTAMP NOT NULL DEFAULT CURRENT_TIMESTAMP,
	PRIMARY KEY (`id`)) ENGINE = InnoDB;
CREATE TABLE `LDAP`.`people` (
	`id` INT NOT NULL AUTO_INCREMENT,
	`name` TEXT CHARACTER
	SET utf8mb4 COLLATE utf8mb4_general_ci NOT NULL,
	`is_active` BOOLEAN NOT NULL DEFAULT TRUE,
	`created_at` TIMESTAMP NOT NULL DEFAULT CURRENT_TIMESTAMP,
	`updated_at` TIMESTAMP ON UPDATE CURRENT_TIMESTAMP NOT NULL DEFAULT CURRENT_TIMESTAMP,
	PRIMARY KEY (`id`)) ENGINE = InnoDB;

CREATE TABLE `LDAP`.`access_to` (
	`id` INT NOT NULL AUTO_INCREMENT,
	`profile_id` INT NOT NULL,
	`resource_id` INT NOT NULL,
	`created_at` TIMESTAMP NOT NULL DEFAULT CURRENT_TIMESTAMP,
	`updated_at` TIMESTAMP ON UPDATE CURRENT_TIMESTAMP NOT NULL DEFAULT CURRENT_TIMESTAMP,
	PRIMARY KEY (`id`)) ENGINE = InnoDB;
CREATE TABLE `LDAP`.`assigned_to` (
	`assigned_to_id` INT NOT NULL AUTO_INCREMENT,
	`profile_id` INT NOT NULL,
	`person_id` INT NOT NULL,
	`created_at` TIMESTAMP NOT NULL DEFAULT CURRENT_TIMESTAMP,
	`updated_at` TIMESTAMP ON UPDATE CURRENT_TIMESTAMP NOT NULL DEFAULT CURRENT_TIMESTAMP,
	PRIMARY KEY (`id`)) ENGINE = InnoDB;
CREATE TABLE `LDAP`.`child_of` (
	`id` INT NOT NULL AUTO_INCREMENT,
	`child_id` INT NOT NULL,
	`parent_id` INT NOT NULL,
	`created_at` TIMESTAMP NOT NULL DEFAULT CURRENT_TIMESTAMP,
	`updated_at` TIMESTAMP ON UPDATE CURRENT_TIMESTAMP NOT NULL DEFAULT CURRENT_TIMESTAMP,
	PRIMARY KEY (`id`)) ENGINE = InnoDB;
CREATE TABLE `LDAP`.`identified_by` (
	`id` INT NOT NULL AUTO_INCREMENT,
	`party_id` INT NOT NULL,
	`person_id` INT NOT NULL,
	`created_at` TIMESTAMP NOT NULL DEFAULT CURRENT_TIMESTAMP,
	`updated_at` TIMESTAMP ON UPDATE CURRENT_TIMESTAMP NOT NULL DEFAULT CURRENT_TIMESTAMP,
	PRIMARY KEY (`id`)) ENGINE = InnoDB;
CREATE TABLE `LDAP`.`managed_by` (
	`id` INT NOT NULL AUTO_INCREMENT,
	`party_id` INT NOT NULL,
	`manager_id` INT NOT NULL,
	`created_at` TIMESTAMP NOT NULL DEFAULT CURRENT_TIMESTAMP,
	`updated_at` TIMESTAMP ON UPDATE CURRENT_TIMESTAMP NOT NULL DEFAULT CURRENT_TIMESTAMP,
	PRIMARY KEY (`id`)) ENGINE = InnoDB;
CREATE TABLE `LDAP`.`manages_people` (
	`id` INT NOT NULL AUTO_INCREMENT,
	`party_id` INT NOT NULL,
	`person_id` INT NOT NULL,
	`created_at` TIMESTAMP NOT NULL DEFAULT CURRENT_TIMESTAMP,
	`updated_at` TIMESTAMP ON UPDATE CURRENT_TIMESTAMP NOT NULL DEFAULT CURRENT_TIMESTAMP,
	PRIMARY KEY (`id`)) ENGINE = InnoDB;
CREATE TABLE `LDAP`.`manages_profiles` (
	`id` INT NOT NULL AUTO_INCREMENT,
	`party_id` INT NOT NULL,
	`profile_id` INT NOT NULL,
	`created_at` TIMESTAMP NOT NULL DEFAULT CURRENT_TIMESTAMP,
	`updated_at` TIMESTAMP ON UPDATE CURRENT_TIMESTAMP NOT NULL DEFAULT CURRENT_TIMESTAMP,
	PRIMARY KEY (`id`)) ENGINE = InnoDB;
CREATE TABLE `LDAP`.`owns` (
	`id` INT NOT NULL AUTO_INCREMENT,
	`party_id` INT NOT NULL,
	`resource_id` INT NOT NULL,
	`created_at` TIMESTAMP NOT NULL DEFAULT CURRENT_TIMESTAMP,
	`updated_at` TIMESTAMP ON UPDATE CURRENT_TIMESTAMP NOT NULL DEFAULT CURRENT_TIMESTAMP,
	PRIMARY KEY (`id`)) ENGINE = InnoDB;
CREATE TABLE `LDAP`.`subresource_of` (
	`id` INT NOT NULL AUTO_INCREMENT,
	`subresource_id` INT NOT NULL,
	`resource_id` INT NOT NULL,
	`created_at` TIMESTAMP NOT NULL DEFAULT CURRENT_TIMESTAMP,
	`updated_at` TIMESTAMP ON UPDATE CURRENT_TIMESTAMP NOT NULL DEFAULT CURRENT_TIMESTAMP,
	PRIMARY KEY (`id`)) ENGINE = InnoDB;

ALTER TABLE `access_to` ADD CONSTRAINT `access_to_profile_fk`
	FOREIGN KEY (`profile_id`) REFERENCES `profiles`(`profile_id`) ON DELETE RESTRICT ON UPDATE RESTRICT;
ALTER TABLE `access_to` ADD CONSTRAINT `access_to_resource_fk`
	FOREIGN KEY (`resource_id`) REFERENCES `resources`(`resource_id`) ON DELETE RESTRICT ON UPDATE RESTRICT;
ALTER TABLE `assigned_to` ADD CONSTRAINT `assigned_to_profile_fk`
	FOREIGN KEY (`profile_id`) REFERENCES `profiles`(`profile_id`) ON DELETE RESTRICT ON UPDATE RESTRICT;
ALTER TABLE `assigned_to` ADD CONSTRAINT `assigned_to_person_fk`
	FOREIGN KEY (`person_id`) REFERENCES `people`(`person_id`) ON DELETE RESTRICT ON UPDATE RESTRICT;
ALTER TABLE `child_of` ADD CONSTRAINT `child_of_child_fk`
	FOREIGN KEY (`child_id`) REFERENCES `parties`(`party_id`) ON DELETE RESTRICT ON UPDATE RESTRICT;
ALTER TABLE `child_of` ADD CONSTRAINT `child_of_parent_fk`
	FOREIGN KEY (`parent_id`) REFERENCES `parties`(`party_id`) ON DELETE RESTRICT ON UPDATE RESTRICT;
ALTER TABLE `identified_by` ADD CONSTRAINT `identified_by_party_fk`
	FOREIGN KEY (`party_id`) REFERENCES `parties`(`party_id`) ON DELETE RESTRICT ON UPDATE RESTRICT;
ALTER TABLE `identified_by` ADD CONSTRAINT `identified_by_person_fk`
	FOREIGN KEY (`person_id`) REFERENCES `people`(`person_id`) ON DELETE RESTRICT ON UPDATE RESTRICT;
ALTER TABLE `managed_by` ADD CONSTRAINT `managed_by_party_fk`
	FOREIGN KEY (`party_id`) REFERENCES `parties`(`party_id`) ON DELETE RESTRICT ON UPDATE RESTRICT;
ALTER TABLE `managed_by` ADD CONSTRAINT `managed_by_manager_fk`
	FOREIGN KEY (`manager_id`) REFERENCES `parties`(`party_id`) ON DELETE RESTRICT ON UPDATE RESTRICT;
ALTER TABLE `manages_people` ADD CONSTRAINT `manages_people_party_fk`
	FOREIGN KEY (`party_id`) REFERENCES `parties`(`party_id`) ON DELETE RESTRICT ON UPDATE RESTRICT;
ALTER TABLE `manages_people` ADD CONSTRAINT `manages_people_person_fk`
	FOREIGN KEY (`person_id`) REFERENCES `people`(`person_id`) ON DELETE RESTRICT ON UPDATE RESTRICT;
ALTER TABLE `manages_profiles` ADD CONSTRAINT `manages_profiles_party_fk`
	FOREIGN KEY (`party_id`) REFERENCES `parties`(`party_id`) ON DELETE RESTRICT ON UPDATE RESTRICT;
ALTER TABLE `manages_profiles` ADD CONSTRAINT `manages_profiles_profile_fk`
	FOREIGN KEY (`profile_id`) REFERENCES `profiles`(`profile_id`) ON DELETE RESTRICT ON UPDATE RESTRICT;
ALTER TABLE `owns` ADD CONSTRAINT `owns_party_fk`
	FOREIGN KEY (`party_id`) REFERENCES `parties`(`party_id`) ON DELETE RESTRICT ON UPDATE RESTRICT;
ALTER TABLE `owns` ADD CONSTRAINT `owns_resource_fk`
	FOREIGN KEY (`resource_id`) REFERENCES `resources`(`resource_id`) ON DELETE RESTRICT ON UPDATE RESTRICT;
ALTER TABLE `subresource_of` ADD CONSTRAINT `subresource_of_subresource_fk`
	FOREIGN KEY (`subresource_id`) REFERENCES `resources`(`resource_id`) ON DELETE RESTRICT ON UPDATE RESTRICT;
ALTER TABLE `subresource_of` ADD CONSTRAINT `subresource_of_resource_fk`
	FOREIGN KEY (`resource_id`) REFERENCES `resources`(`resource_id`) ON DELETE RESTRICT ON UPDATE RESTRICT;

-- Run the inserts when you have the pipeline all set up

INSERT INTO `parties` (`id`, `name`, `party_type`, `created_at`, `updated_at`) VALUES
	(0, 'Boss', 'Organizer', CURRENT_TIMESTAMP(), CURRENT_TIMESTAMP()),
	(1, 'Underboss', 'Organizer', CURRENT_TIMESTAMP(), CURRENT_TIMESTAMP()),
	(2, 'Consiglieri', 'Organizer', CURRENT_TIMESTAMP(), CURRENT_TIMESTAMP()),
	(3, 'Caporegime', 'Organizer', CURRENT_TIMESTAMP(), CURRENT_TIMESTAMP()),
	(4, 'Button', 'Soldier', CURRENT_TIMESTAMP(), CURRENT_TIMESTAMP());
INSERT INTO `people` (`id`, `name`, `is_active`, `created_at`, `updated_at`) VALUES
	(10, 'Don Corleone', TRUE, CURRENT_TIMESTAMP(), CURRENT_TIMESTAMP()),
	(11, 'Fredo Corleone', TRUE, CURRENT_TIMESTAMP(), CURRENT_TIMESTAMP()),
	(12, 'Thomas Hagen', TRUE, CURRENT_TIMESTAMP(), CURRENT_TIMESTAMP()),
	(13, "Salvatore 'Sal' Tessio", FALSE, CURRENT_TIMESTAMP(), CURRENT_TIMESTAMP()),
	(14, 'Al Neri', TRUE, CURRENT_TIMESTAMP(), CURRENT_TIMESTAMP()),
	(15, 'Rocco Lampone', TRUE, CURRENT_TIMESTAMP(), CURRENT_TIMESTAMP()),
	(16, "Frank 'Frankie Five Angels' Pentangeli", TRUE, CURRENT_TIMESTAMP(), CURRENT_TIMESTAMP()),
	(17, "Angelo 'The Trojan' Granelli", TRUE, CURRENT_TIMESTAMP(), CURRENT_TIMESTAMP()),
	(18, "Gino 'Pretty Boy' Fredonna", TRUE, CURRENT_TIMESTAMP(), CURRENT_TIMESTAMP()),
	(19, "Peter 'The Lion' Leone", TRUE, CURRENT_TIMESTAMP(), CURRENT_TIMESTAMP()),
	(20, "Natale 'Fat Nat' Parri", TRUE, CURRENT_TIMESTAMP(), CURRENT_TIMESTAMP()),
	(21, "Roberto 'Thunder Bob' Nelenza", TRUE, CURRENT_TIMESTAMP(), CURRENT_TIMESTAMP()),
	(22, "Joseph 'Joey Jail' Bronski", TRUE, CURRENT_TIMESTAMP(), CURRENT_TIMESTAMP());
INSERT INTO `profiles` (`id`, `name`, `created_at`, `updated_at`) VALUES
	(40, 'Boss', CURRENT_TIMESTAMP(), CURRENT_TIMESTAMP()),
	(41, 'Upper Management', CURRENT_TIMESTAMP(), CURRENT_TIMESTAMP()),
	(42, 'Threats', CURRENT_TIMESTAMP(), CURRENT_TIMESTAMP()),
	(43, 'Business', CURRENT_TIMESTAMP(), CURRENT_TIMESTAMP()),
	(44, 'Cleanup', CURRENT_TIMESTAMP(), CURRENT_TIMESTAMP());
INSERT INTO `resources` (`id`, `name`, `type`, `created_at`, `updated_at`) VALUES
	(30, 'Handgun', 'weapon', CURRENT_TIMESTAMP(), CURRENT_TIMESTAMP()),
	(31, 'Machine Gun', 'weapon', CURRENT_TIMESTAMP(), CURRENT_TIMESTAMP()),
	(32, 'Shovel', 'tool', CURRENT_TIMESTAMP(), CURRENT_TIMESTAMP()),
	(33, 'Truck', 'tool', CURRENT_TIMESTAMP(), CURRENT_TIMESTAMP()),
	(34, 'The Stash', 'accounting', CURRENT_TIMESTAMP(), CURRENT_TIMESTAMP()),
	(35, 'The Ledger', 'accounting', CURRENT_TIMESTAMP(), CURRENT_TIMESTAMP()),
	(36, 'Horse Head', 'tool', CURRENT_TIMESTAMP(), CURRENT_TIMESTAMP());

INSERT INTO `access_to` (`profile_id`, `resource_id`, `created_at`, `updated_at`) VALUES
	(40, 34, CURRENT_TIMESTAMP(), CURRENT_TIMESTAMP()),
	(40, 35, CURRENT_TIMESTAMP(), CURRENT_TIMESTAMP()),
	(41, 30, CURRENT_TIMESTAMP(), CURRENT_TIMESTAMP()),
	(41, 33, CURRENT_TIMESTAMP(), CURRENT_TIMESTAMP()),
	(41, 34, CURRENT_TIMESTAMP(), CURRENT_TIMESTAMP()),
	(42, 30, CURRENT_TIMESTAMP(), CURRENT_TIMESTAMP()),
	(42, 33, CURRENT_TIMESTAMP(), CURRENT_TIMESTAMP()),
	(42, 36, CURRENT_TIMESTAMP(), CURRENT_TIMESTAMP()),
	(43, 30, CURRENT_TIMESTAMP(), CURRENT_TIMESTAMP()),
	(43, 31, CURRENT_TIMESTAMP(), CURRENT_TIMESTAMP()),
	(43, 33, CURRENT_TIMESTAMP(), CURRENT_TIMESTAMP()),
	(43, 34, CURRENT_TIMESTAMP(), CURRENT_TIMESTAMP()),
	(44, 30, CURRENT_TIMESTAMP(), CURRENT_TIMESTAMP()),
	(44, 32, CURRENT_TIMESTAMP(), CURRENT_TIMESTAMP()),
	(44, 33, CURRENT_TIMESTAMP(), CURRENT_TIMESTAMP()),
	(45, 30, CURRENT_TIMESTAMP(), CURRENT_TIMESTAMP()),
	(45, 31, CURRENT_TIMESTAMP(), CURRENT_TIMESTAMP()),
	(45, 33, CURRENT_TIMESTAMP(), CURRENT_TIMESTAMP());
INSERT INTO `assigned_to` (`profile_id`, `person_id`, `created_at`, `updated_at`) VALUES
	(40, 10, CURRENT_TIMESTAMP(), CURRENT_TIMESTAMP()),
	(41, 10, CURRENT_TIMESTAMP(), CURRENT_TIMESTAMP()),
	(43, 10, CURRENT_TIMESTAMP(), CURRENT_TIMESTAMP()),
	(41, 11, CURRENT_TIMESTAMP(), CURRENT_TIMESTAMP()),
	(42, 11, CURRENT_TIMESTAMP(), CURRENT_TIMESTAMP()),
	(44, 11, CURRENT_TIMESTAMP(), CURRENT_TIMESTAMP()),
	(41, 12, CURRENT_TIMESTAMP(), CURRENT_TIMESTAMP()),
	(43, 12, CURRENT_TIMESTAMP(), CURRENT_TIMESTAMP()),
	(45, 12, CURRENT_TIMESTAMP(), CURRENT_TIMESTAMP()),
	(42, 12, CURRENT_TIMESTAMP(), CURRENT_TIMESTAMP()),
	(45, 13, CURRENT_TIMESTAMP(), CURRENT_TIMESTAMP()),
	(42, 14, CURRENT_TIMESTAMP(), CURRENT_TIMESTAMP()),
	(43, 14, CURRENT_TIMESTAMP(), CURRENT_TIMESTAMP()),
	(43, 15, CURRENT_TIMESTAMP(), CURRENT_TIMESTAMP()),
	(45, 15, CURRENT_TIMESTAMP(), CURRENT_TIMESTAMP()),
	(44, 16, CURRENT_TIMESTAMP(), CURRENT_TIMESTAMP()),
	(42, 16, CURRENT_TIMESTAMP(), CURRENT_TIMESTAMP()),
	(45, 17, CURRENT_TIMESTAMP(), CURRENT_TIMESTAMP()),
	(44, 17, CURRENT_TIMESTAMP(), CURRENT_TIMESTAMP()),
	(45, 18, CURRENT_TIMESTAMP(), CURRENT_TIMESTAMP()),
	(44, 18, CURRENT_TIMESTAMP(), CURRENT_TIMESTAMP()),
	(45, 19, CURRENT_TIMESTAMP(), CURRENT_TIMESTAMP()),
	(43, 19, CURRENT_TIMESTAMP(), CURRENT_TIMESTAMP()),
	(45, 20, CURRENT_TIMESTAMP(), CURRENT_TIMESTAMP()),
	(43, 20, CURRENT_TIMESTAMP(), CURRENT_TIMESTAMP()),
	(45, 21, CURRENT_TIMESTAMP(), CURRENT_TIMESTAMP()),
	(42, 21, CURRENT_TIMESTAMP(), CURRENT_TIMESTAMP()),
	(45, 22, CURRENT_TIMESTAMP(), CURRENT_TIMESTAMP()),
	(42, 22, CURRENT_TIMESTAMP(), CURRENT_TIMESTAMP());
INSERT INTO `identified_by` (`party_id`, `person_id`, `created_at`, `updated_at`) VALUES
	(0, 10, CURRENT_TIMESTAMP(), CURRENT_TIMESTAMP()),
	(1, 11, CURRENT_TIMESTAMP(), CURRENT_TIMESTAMP()),
	(2, 12, CURRENT_TIMESTAMP(), CURRENT_TIMESTAMP()),
	(3, 13, CURRENT_TIMESTAMP(), CURRENT_TIMESTAMP()),
	(3, 14, CURRENT_TIMESTAMP(), CURRENT_TIMESTAMP()),
	(3, 15, CURRENT_TIMESTAMP(), CURRENT_TIMESTAMP()),
	(3, 16, CURRENT_TIMESTAMP(), CURRENT_TIMESTAMP()),
	(4, 17, CURRENT_TIMESTAMP(), CURRENT_TIMESTAMP()),
	(4, 18, CURRENT_TIMESTAMP(), CURRENT_TIMESTAMP()),
	(4, 19, CURRENT_TIMESTAMP(), CURRENT_TIMESTAMP()),
	(4, 20, CURRENT_TIMESTAMP(), CURRENT_TIMESTAMP()),
	(4, 21, CURRENT_TIMESTAMP(), CURRENT_TIMESTAMP()),
	(4, 22, CURRENT_TIMESTAMP(), CURRENT_TIMESTAMP());
INSERT INTO `managed_by` (`party_id`, `manager_id`, `created_at`, `updated_at`) VALUES
	(4, 3, CURRENT_TIMESTAMP(), CURRENT_TIMESTAMP()),
	(3, 1, CURRENT_TIMESTAMP(), CURRENT_TIMESTAMP()),
	(1, 0, CURRENT_TIMESTAMP(), CURRENT_TIMESTAMP()),
	(2, 0, CURRENT_TIMESTAMP(), CURRENT_TIMESTAMP());
INSERT INTO `manages_person` (`party_id`, `person_id`, `created_at`, `updated_at`) VALUES
	(0, 10, CURRENT_TIMESTAMP(), CURRENT_TIMESTAMP()),
	(0, 11, CURRENT_TIMESTAMP(), CURRENT_TIMESTAMP()),
	(0, 12, CURRENT_TIMESTAMP(), CURRENT_TIMESTAMP()),
	(1, 11, CURRENT_TIMESTAMP(), CURRENT_TIMESTAMP()),
	(1, 13, CURRENT_TIMESTAMP(), CURRENT_TIMESTAMP()),
	(1, 14, CURRENT_TIMESTAMP(), CURRENT_TIMESTAMP()),
	(1, 15, CURRENT_TIMESTAMP(), CURRENT_TIMESTAMP()),
	(1, 16, CURRENT_TIMESTAMP(), CURRENT_TIMESTAMP()),
	(2, 12, CURRENT_TIMESTAMP(), CURRENT_TIMESTAMP()),
	(2, 13, CURRENT_TIMESTAMP(), CURRENT_TIMESTAMP()),
	(2, 14, CURRENT_TIMESTAMP(), CURRENT_TIMESTAMP()),
	(2, 15, CURRENT_TIMESTAMP(), CURRENT_TIMESTAMP()),
	(2, 16, CURRENT_TIMESTAMP(), CURRENT_TIMESTAMP()),
	(3, 13, CURRENT_TIMESTAMP(), CURRENT_TIMESTAMP()),
	(3, 14, CURRENT_TIMESTAMP(), CURRENT_TIMESTAMP()),
	(3, 15, CURRENT_TIMESTAMP(), CURRENT_TIMESTAMP()),
	(3, 16, CURRENT_TIMESTAMP(), CURRENT_TIMESTAMP()),
	(3, 17, CURRENT_TIMESTAMP(), CURRENT_TIMESTAMP()),
	(3, 18, CURRENT_TIMESTAMP(), CURRENT_TIMESTAMP()),
	(3, 19, CURRENT_TIMESTAMP(), CURRENT_TIMESTAMP()),
	(3, 20, CURRENT_TIMESTAMP(), CURRENT_TIMESTAMP()),
	(3, 21, CURRENT_TIMESTAMP(), CURRENT_TIMESTAMP()),
	(3, 22, CURRENT_TIMESTAMP(), CURRENT_TIMESTAMP()),
	(4, 17, CURRENT_TIMESTAMP(), CURRENT_TIMESTAMP()),
	(4, 18, CURRENT_TIMESTAMP(), CURRENT_TIMESTAMP()),
	(4, 19, CURRENT_TIMESTAMP(), CURRENT_TIMESTAMP()),
	(4, 20, CURRENT_TIMESTAMP(), CURRENT_TIMESTAMP()),
	(4, 21, CURRENT_TIMESTAMP(), CURRENT_TIMESTAMP()),
	(4, 22, CURRENT_TIMESTAMP(), CURRENT_TIMESTAMP());
INSERT INTO `manages_profile` (`party_id`, `profile_id`, `created_at`, `updated_at`) VALUES
	(0, 40, CURRENT_TIMESTAMP(), CURRENT_TIMESTAMP()),
	(0, 41, CURRENT_TIMESTAMP(), CURRENT_TIMESTAMP()),
	(1, 41, CURRENT_TIMESTAMP(), CURRENT_TIMESTAMP()),
	(1, 43, CURRENT_TIMESTAMP(), CURRENT_TIMESTAMP()),
	(1, 44, CURRENT_TIMESTAMP(), CURRENT_TIMESTAMP()),
	(2, 41, CURRENT_TIMESTAMP(), CURRENT_TIMESTAMP()),
	(2, 42, CURRENT_TIMESTAMP(), CURRENT_TIMESTAMP()),
	(2, 43, CURRENT_TIMESTAMP(), CURRENT_TIMESTAMP()),
	(3, 42, CURRENT_TIMESTAMP(), CURRENT_TIMESTAMP()),
	(3, 43, CURRENT_TIMESTAMP(), CURRENT_TIMESTAMP()),
	(3, 44, CURRENT_TIMESTAMP(), CURRENT_TIMESTAMP()),
	(3, 45, CURRENT_TIMESTAMP(), CURRENT_TIMESTAMP());
INSERT INTO `owns` (`party_id`, `resource_id`, `created_at`, `updated_at`) VALUES
	(0, 34, CURRENT_TIMESTAMP(), CURRENT_TIMESTAMP()),
	(0, 35, CURRENT_TIMESTAMP(), CURRENT_TIMESTAMP()),
	(1, 33, CURRENT_TIMESTAMP(), CURRENT_TIMESTAMP()),
	(4, 30, CURRENT_TIMESTAMP(), CURRENT_TIMESTAMP()),
	(4, 31, CURRENT_TIMESTAMP(), CURRENT_TIMESTAMP()),
	(4, 32, CURRENT_TIMESTAMP(), CURRENT_TIMESTAMP());

-- Once the inserts have ran, try running these updates to see the changes
